{"stats":{"minecraft:mined":{"pixelmon:berry_leaves_strib":12,"minecraft:iron_ore":24,"minecraft:torch":1,"pixelmon:berry_leaves_kelpsy":13,"pixelmon:berry_leaves_niniku":9,"pixelmon:berry_leaves_drash":11,"minecraft:spruce_log":8,"minecraft:andesite":41,"minecraft:crafting_table":5,"minecraft:granite":5,"minecraft:grass":3,"pixelmon:berry_leaves_rindo":13,"minecraft:grass_block":8,"minecraft:coal_ore":26,"minecraft:poppy":2,"minecraft:rose_bush":1,"minecraft:dirt":10,"minecraft:tall_grass":2,"pixelmon:berry_leaves_tamato":13,"minecraft:spruce_leaves":7,"minecraft:stone":245,"minecraft:diorite":20,"pixelmon:apricorn_leaves_green":18,"minecraft:wall_torch":2,"minecraft:infested_stone":1},"minecraft:used":{"minecraft:wooden_axe":32,"minecraft:apple":3,"minecraft:bread":5,"minecraft:stone_pickaxe":309,"minecraft:wooden_pickaxe":59,"minecraft:stone_hoe":67,"minecraft:wooden_shovel":21,"minecraft:gravel":1,"minecraft:torch":5,"minecraft:crafting_table":5,"minecraft:potato":5},"minecraft:broken":{"minecraft:stone_pickaxe":2,"minecraft:wooden_pickaxe":1},"minecraft:crafted":{"minecraft:wooden_shovel":1,"minecraft:crafting_table":2,"minecraft:spruce_planks":30,"minecraft:stick":16,"minecraft:wooden_pickaxe":1,"minecraft:stone_pickaxe":3,"minecraft:wooden_axe":1,"minecraft:torch":8,"minecraft:stone_hoe":1},"minecraft:dropped":{"minecraft:poppy":2,"minecraft:rose_bush":1},"minecraft:picked_up":{"pixelmon:green_apricorn":18,"minecraft:stick":6,"minecraft:crafting_table":4,"minecraft:andesite":41,"minecraft:torch":3,"pixelmon:poke_ball":4,"pixelmon:strib_berry":6,"pixelmon:kelpsy_berry":5,"minecraft:spruce_sapling":1,"minecraft:diorite":20,"minecraft:spruce_log":8,"minecraft:dirt":18,"minecraft:string":1,"pixelmon:tamato_berry":12,"pixelmon:rindo_berry":12,"minecraft:wheat_seeds":1,"minecraft:granite":5,"minecraft:iron_ore":24,"minecraft:rose_bush":2,"pixelmon:drash_berry":3,"minecraft:poppy":2,"minecraft:coal":39,"minecraft:cobblestone":219},"minecraft:custom":{"minecraft:time_since_rest":49497,"minecraft:sprint_one_cm":178690,"minecraft:damage_taken":120,"minecraft:walk_one_cm":131909,"minecraft:drop":2,"minecraft:fly_one_cm":33530,"minecraft:interact_with_crafting_table":8,"minecraft:swim_one_cm":3151,"minecraft:open_barrel":6,"minecraft:open_chest":9,"minecraft:crouch_one_cm":1702,"minecraft:play_one_minute":49497,"minecraft:sneak_time":206,"minecraft:walk_under_water_one_cm":496,"minecraft:jump":364,"minecraft:walk_on_water_one_cm":11850,"minecraft:time_since_death":49497,"minecraft:fall_one_cm":4683}},"DataVersion":2586}