{"stats":{"minecraft:mined":{"minecraft:granite":3,"minecraft:tall_grass":1,"minecraft:stone":17,"minecraft:spruce_leaves":5,"minecraft:spruce_log":8,"minecraft:crafting_table":1},"minecraft:used":{"minecraft:wooden_axe":8,"minecraft:crafting_table":1,"minecraft:bread":2,"minecraft:wooden_pickaxe":20,"minecraft:gravel":1},"minecraft:crafted":{"minecraft:wooden_shovel":1,"minecraft:crafting_table":1,"minecraft:spruce_planks":30,"minecraft:stick":8,"minecraft:wooden_pickaxe":1,"minecraft:wooden_axe":1},"minecraft:picked_up":{"minecraft:crafting_table":1,"minecraft:wheat_seeds":1,"minecraft:granite":3,"minecraft:spruce_sapling":1,"minecraft:spruce_log":8,"minecraft:string":1,"minecraft:cobblestone":17},"minecraft:custom":{"minecraft:time_since_rest":13497,"minecraft:open_chest":1,"minecraft:play_one_minute":13497,"minecraft:crouch_one_cm":561,"minecraft:sprint_one_cm":41764,"minecraft:walk_one_cm":31072,"minecraft:sneak_time":64,"minecraft:walk_under_water_one_cm":61,"minecraft:jump":84,"minecraft:time_since_death":13497,"minecraft:walk_on_water_one_cm":1751,"minecraft:swim_one_cm":389,"minecraft:interact_with_crafting_table":3,"minecraft:fall_one_cm":689,"minecraft:fly_one_cm":7880}},"DataVersion":2586}