{"stats":{"minecraft:mined":{"minecraft:iron_ore":24,"minecraft:spruce_log":8,"minecraft:andesite":41,"minecraft:crafting_table":4,"minecraft:granite":5,"minecraft:grass":2,"minecraft:grass_block":8,"minecraft:coal_ore":26,"minecraft:poppy":2,"minecraft:rose_bush":1,"minecraft:dirt":10,"minecraft:tall_grass":1,"minecraft:spruce_leaves":7,"minecraft:stone":244,"minecraft:diorite":20,"minecraft:wall_torch":2,"minecraft:infested_stone":1},"minecraft:used":{"minecraft:wooden_axe":11,"minecraft:apple":3,"minecraft:bread":2,"minecraft:stone_pickaxe":303,"minecraft:wooden_pickaxe":59,"minecraft:wooden_shovel":21,"minecraft:gravel":1,"minecraft:torch":4,"minecraft:crafting_table":4,"minecraft:potato":5},"minecraft:broken":{"minecraft:stone_pickaxe":2,"minecraft:wooden_pickaxe":1},"minecraft:crafted":{"minecraft:wooden_shovel":1,"minecraft:crafting_table":1,"minecraft:spruce_planks":30,"minecraft:stick":16,"minecraft:wooden_pickaxe":1,"minecraft:stone_pickaxe":3,"minecraft:wooden_axe":1,"minecraft:torch":8},"minecraft:picked_up":{"minecraft:crafting_table":3,"minecraft:andesite":41,"minecraft:torch":2,"minecraft:spruce_sapling":1,"minecraft:diorite":20,"minecraft:spruce_log":8,"minecraft:dirt":18,"minecraft:string":1,"minecraft:wheat_seeds":1,"minecraft:granite":5,"minecraft:iron_ore":24,"minecraft:rose_bush":1,"minecraft:poppy":2,"minecraft:coal":26,"minecraft:cobblestone":218},"minecraft:custom":{"minecraft:time_since_rest":37497,"minecraft:sprint_one_cm":138175,"minecraft:damage_taken":80,"minecraft:walk_one_cm":88331,"minecraft:fly_one_cm":27811,"minecraft:interact_with_crafting_table":7,"minecraft:swim_one_cm":3151,"minecraft:open_chest":6,"minecraft:crouch_one_cm":1422,"minecraft:play_one_minute":37497,"minecraft:sneak_time":174,"minecraft:walk_under_water_one_cm":496,"minecraft:jump":277,"minecraft:walk_on_water_one_cm":8810,"minecraft:time_since_death":37497,"minecraft:fall_one_cm":3033}},"DataVersion":2586}