{"stats":{"minecraft:mined":{"minecraft:iron_ore":20,"minecraft:spruce_log":8,"minecraft:andesite":24,"minecraft:crafting_table":3,"minecraft:granite":5,"minecraft:grass":2,"minecraft:grass_block":5,"minecraft:coal_ore":20,"minecraft:dirt":7,"minecraft:tall_grass":1,"minecraft:spruce_leaves":5,"minecraft:stone":120,"minecraft:diorite":9,"minecraft:wall_torch":1,"minecraft:infested_stone":1},"minecraft:used":{"minecraft:wooden_axe":10,"minecraft:bread":2,"minecraft:stone_pickaxe":141,"minecraft:wooden_pickaxe":59,"minecraft:wooden_shovel":13,"minecraft:gravel":1,"minecraft:torch":3,"minecraft:crafting_table":3},"minecraft:broken":{"minecraft:stone_pickaxe":1,"minecraft:wooden_pickaxe":1},"minecraft:crafted":{"minecraft:wooden_shovel":1,"minecraft:crafting_table":1,"minecraft:spruce_planks":30,"minecraft:stick":12,"minecraft:wooden_pickaxe":1,"minecraft:stone_pickaxe":2,"minecraft:wooden_axe":1,"minecraft:torch":8},"minecraft:picked_up":{"minecraft:crafting_table":3,"minecraft:andesite":24,"minecraft:torch":1,"minecraft:spruce_sapling":1,"minecraft:diorite":9,"minecraft:spruce_log":8,"minecraft:dirt":12,"minecraft:string":1,"minecraft:wheat_seeds":1,"minecraft:granite":5,"minecraft:iron_ore":20,"minecraft:coal":20,"minecraft:cobblestone":120},"minecraft:custom":{"minecraft:time_since_rest":25497,"minecraft:sprint_one_cm":81799,"minecraft:damage_taken":10,"minecraft:walk_one_cm":53159,"minecraft:fly_one_cm":19520,"minecraft:interact_with_crafting_table":6,"minecraft:swim_one_cm":2029,"minecraft:open_chest":1,"minecraft:crouch_one_cm":916,"minecraft:play_one_minute":25497,"minecraft:sneak_time":106,"minecraft:walk_under_water_one_cm":401,"minecraft:jump":189,"minecraft:walk_on_water_one_cm":5216,"minecraft:time_since_death":25497,"minecraft:fall_one_cm":1293}},"DataVersion":2586}