{"stats":{"minecraft:mined":{"minecraft:grass":6,"minecraft:tall_grass":1},"minecraft:used":{"minecraft:chicken":4,"minecraft:bread":2,"minecraft:cod":1},"minecraft:picked_up":{"minecraft:andesite":2,"minecraft:dirt":1},"minecraft:dropped":{"minecraft:dirt":1,"minecraft:andesite":2},"minecraft:custom":{"minecraft:open_barrel":2,"minecraft:time_since_rest":35059,"minecraft:open_chest":2,"minecraft:play_one_minute":35059,"minecraft:crouch_one_cm":166,"minecraft:sprint_one_cm":116021,"minecraft:damage_taken":100,"minecraft:walk_one_cm":75239,"minecraft:sneak_time":189,"minecraft:walk_under_water_one_cm":2322,"minecraft:drop":3,"minecraft:jump":557,"minecraft:eat_cake_slice":3,"minecraft:time_since_death":35059,"minecraft:walk_on_water_one_cm":7003,"minecraft:climb_one_cm":669,"minecraft:swim_one_cm":8277,"minecraft:fall_one_cm":10099,"minecraft:fly_one_cm":107186,"minecraft:horse_one_cm":1361}},"DataVersion":2586}