{"stats":{"minecraft:mined":{"minecraft:carrots":4,"minecraft:torch":4,"minecraft:grass":6,"minecraft:tall_grass":1,"minecraft:wall_torch":4},"minecraft:used":{"minecraft:apple":5,"minecraft:chicken":4,"minecraft:bread":2,"minecraft:torch":7,"minecraft:cobblestone":1,"minecraft:beef":2,"pixelmon:tv":1,"minecraft:carrot":4,"minecraft:cod":1,"minecraft:potato":30},"minecraft:dropped":{"minecraft:dirt":1,"minecraft:andesite":2},"minecraft:picked_up":{"minecraft:crafting_table":1,"pixelmon:tv":2,"minecraft:andesite":2,"minecraft:torch":8,"pixelmon:niniku_berry":3,"pixelmon:kelpsy_berry":13,"minecraft:carrot":12,"minecraft:dirt":1,"pixelmon:drash_berry":7,"minecraft:cobblestone":26},"minecraft:custom":{"minecraft:time_since_rest":59059,"minecraft:sprint_one_cm":180392,"minecraft:walk_one_cm":129045,"minecraft:damage_taken":230,"minecraft:drop":3,"minecraft:damage_dealt":20,"minecraft:swim_one_cm":10472,"minecraft:fly_one_cm":152917,"minecraft:open_barrel":8,"minecraft:open_chest":5,"minecraft:crouch_one_cm":199,"minecraft:play_one_minute":59059,"minecraft:sneak_time":204,"minecraft:walk_under_water_one_cm":4111,"minecraft:jump":1043,"minecraft:eat_cake_slice":3,"minecraft:walk_on_water_one_cm":14313,"minecraft:time_since_death":59059,"minecraft:climb_one_cm":11489,"minecraft:interact_with_smoker":1,"minecraft:fall_one_cm":14838,"minecraft:horse_one_cm":6474}},"DataVersion":2586}