{"stats":{"minecraft:mined":{"minecraft:grass":6,"minecraft:tall_grass":1},"minecraft:used":{"minecraft:bread":1,"minecraft:chicken":4},"minecraft:custom":{"minecraft:jump":283,"minecraft:open_chest":2,"minecraft:time_since_rest":23059,"minecraft:crouch_one_cm":166,"minecraft:play_one_minute":23059,"minecraft:walk_on_water_one_cm":158,"minecraft:sprint_one_cm":81256,"minecraft:damage_taken":20,"minecraft:time_since_death":23059,"minecraft:walk_one_cm":60758,"minecraft:sneak_time":131,"minecraft:walk_under_water_one_cm":289,"minecraft:swim_one_cm":796,"minecraft:eat_cake_slice":3,"minecraft:fall_one_cm":4755,"minecraft:fly_one_cm":56903,"minecraft:horse_one_cm":1361,"minecraft:open_barrel":2}},"DataVersion":2586}