{"stats":{"minecraft:mined":{"minecraft:large_fern":1,"minecraft:carrots":4,"minecraft:torch":4,"minecraft:grass":6,"minecraft:grass_block":3,"minecraft:dirt":1,"minecraft:tall_grass":1,"minecraft:wall_torch":22},"minecraft:used":{"minecraft:apple":5,"minecraft:chicken":4,"minecraft:bread":2,"minecraft:torch":25,"minecraft:dirt":4,"minecraft:cobblestone":1,"minecraft:beef":2,"pixelmon:tv":1,"minecraft:carrot":10,"minecraft:cod":1,"minecraft:potato":30},"minecraft:dropped":{"minecraft:dirt":1,"minecraft:andesite":2},"minecraft:picked_up":{"minecraft:crafting_table":1,"pixelmon:tv":2,"minecraft:andesite":2,"minecraft:torch":26,"pixelmon:niniku_berry":3,"pixelmon:kelpsy_berry":13,"minecraft:carrot":12,"minecraft:dirt":5,"pixelmon:drash_berry":7,"minecraft:cobblestone":26},"minecraft:custom":{"minecraft:time_since_rest":71059,"minecraft:sprint_one_cm":212551,"minecraft:walk_one_cm":151179,"minecraft:damage_taken":360,"minecraft:drop":3,"minecraft:damage_dealt":20,"minecraft:swim_one_cm":12313,"minecraft:fly_one_cm":205238,"minecraft:open_barrel":8,"minecraft:open_chest":5,"minecraft:crouch_one_cm":199,"minecraft:play_one_minute":71059,"minecraft:sneak_time":211,"minecraft:walk_under_water_one_cm":4317,"minecraft:jump":1370,"minecraft:eat_cake_slice":3,"minecraft:walk_on_water_one_cm":16837,"minecraft:time_since_death":71059,"minecraft:climb_one_cm":14262,"minecraft:interact_with_smoker":1,"minecraft:fall_one_cm":23375,"minecraft:horse_one_cm":6474}},"DataVersion":2586}