{"stats":{"minecraft:mined":{"minecraft:grass":6,"minecraft:tall_grass":1,"minecraft:torch":4,"minecraft:wall_torch":4},"minecraft:used":{"minecraft:torch":7,"minecraft:apple":3,"minecraft:cobblestone":1,"minecraft:chicken":4,"minecraft:bread":2,"minecraft:cod":1,"minecraft:potato":30},"minecraft:dropped":{"minecraft:dirt":1,"minecraft:andesite":2},"minecraft:picked_up":{"minecraft:crafting_table":1,"minecraft:andesite":2,"minecraft:torch":8,"minecraft:dirt":1,"minecraft:cobblestone":26},"minecraft:custom":{"minecraft:open_barrel":2,"minecraft:time_since_rest":47059,"minecraft:open_chest":2,"minecraft:play_one_minute":47059,"minecraft:crouch_one_cm":166,"minecraft:sprint_one_cm":145963,"minecraft:damage_taken":230,"minecraft:walk_one_cm":103335,"minecraft:sneak_time":198,"minecraft:walk_under_water_one_cm":4111,"minecraft:drop":3,"minecraft:jump":703,"minecraft:eat_cake_slice":3,"minecraft:damage_dealt":20,"minecraft:time_since_death":47059,"minecraft:walk_on_water_one_cm":14038,"minecraft:climb_one_cm":669,"minecraft:swim_one_cm":10472,"minecraft:fall_one_cm":12361,"minecraft:fly_one_cm":127499,"minecraft:horse_one_cm":6474}},"DataVersion":2586}