{"stats":{"minecraft:mined":{"minecraft:grass":1,"minecraft:dark_oak_log":3},"minecraft:used":{"minecraft:red_bed":1},"minecraft:picked_up":{"minecraft:dark_oak_log":3},"minecraft:custom":{"minecraft:jump":157,"minecraft:open_chest":1,"minecraft:time_since_rest":21788,"minecraft:play_one_minute":30052,"minecraft:sprint_one_cm":38589,"minecraft:walk_on_water_one_cm":857,"minecraft:time_since_death":30052,"minecraft:walk_one_cm":30971,"minecraft:sleep_in_bed":2,"minecraft:climb_one_cm":1157,"minecraft:fall_one_cm":2566,"minecraft:fly_one_cm":26649}},"DataVersion":2586}