{"stats":{"minecraft:mined":{"minecraft:grass":1,"minecraft:dark_oak_log":16,"pixelmon:apricorn_leaves_green":10,"minecraft:crafting_table":1,"minecraft:dark_oak_planks":3},"minecraft:used":{"minecraft:wooden_axe":18,"minecraft:dark_oak_planks":3,"minecraft:crafting_table":1,"minecraft:red_bed":1},"minecraft:crafted":{"minecraft:dark_oak_planks":28,"minecraft:crafting_table":2,"minecraft:stick":4,"minecraft:wooden_pickaxe":1,"minecraft:wooden_axe":1},"minecraft:dropped":{"minecraft:smooth_stone":1},"minecraft:picked_up":{"minecraft:dark_oak_planks":3,"minecraft:crafting_table":1,"minecraft:wheat_seeds":1,"minecraft:smooth_stone":1,"pixelmon:poke_ball":4,"minecraft:dark_oak_log":13,"pixelmon:green_apricorn":9},"minecraft:custom":{"minecraft:time_since_rest":32668,"minecraft:open_chest":7,"minecraft:play_one_minute":40932,"minecraft:sprint_one_cm":46593,"minecraft:damage_taken":30,"minecraft:walk_one_cm":78959,"minecraft:sneak_time":12,"minecraft:walk_under_water_one_cm":777,"minecraft:drop":1,"minecraft:jump":314,"minecraft:leave_game":1,"minecraft:time_since_death":40932,"minecraft:walk_on_water_one_cm":2817,"minecraft:sleep_in_bed":2,"minecraft:climb_one_cm":1157,"minecraft:open_barrel":2,"minecraft:interact_with_crafting_table":2,"minecraft:fall_one_cm":4848,"minecraft:fly_one_cm":35714}},"DataVersion":2586}